id,first_name,last_name,email,gender
1,Wye,Klais,wklais0@dailymotion.com,Male
2,Godard,Goble,ggoble1@shareasale.com,Genderfluid
3,Zed,Bottby,zbottby2@theglobeandmail.com,Male
4,Mair,Look,mlook3@mayoclinic.com,Female
5,Sawyere,Borzone,sborzone4@pagesperso-orange.fr,Female
6,Gil,Winchcomb,gwinchcomb5@businessinsider.com,Male
7,Jacqueline,Konert,jkonert6@hud.gov,Male
8,Tammy,Aers,taers7@alibaba.com,Male
9,Willis,Coke,wcoke8@sina.com.cn,Female
10,Welsh,Wyett,wwyett9@google.it,Female
11,Mellisent,Emanson,memansona@dell.com,Male
12,Niall,Standfield,nstandfieldb@bluehost.com,Male
13,Kim,Tschiersch,ktschierschc@mapquest.com,Male
14,Edwin,Silson,esilsond@blogs.com,Female
15,Pip,Portman,pportmane@google.com.au,Female
16,Deborah,Bisterfeld,dbisterfeldf@booking.com,Male
17,Rick,Francesconi,rfrancesconig@arstechnica.com,Female
18,Benjie,Anglim,banglimh@time.com,Male
19,Pooh,Sach,psachi@hexun.com,Female
20,Perice,Pert,ppertj@forbes.com,Female
21,Pauly,Wessell,pwessellk@altervista.org,Bigender
22,Tammy,North,tnorthl@scribd.com,Agender
23,Carie,Vicker,cvickerm@indiegogo.com,Female
24,Rosy,Threlkeld,rthrelkeldn@berkeley.edu,Female
25,Allard,Jeandot,ajeandoto@bbc.co.uk,Female
26,Roxane,Tryme,rtrymep@upenn.edu,Female
27,Anatola,Jurkowski,ajurkowskiq@gizmodo.com,Male
28,Lothario,Knox,lknoxr@twitpic.com,Non-binary
29,Camey,Magrannell,cmagrannells@4shared.com,Male
30,Minta,Tregunna,mtregunnat@globo.com,Female
31,Billi,Neat,bneatu@storify.com,Female
32,Irina,Torre,itorrev@mit.edu,Female
33,Celestyna,Agiolfinger,cagiolfingerw@nifty.com,Female
34,Zola,Rhys,zrhysx@icq.com,Female
35,Teodoro,Assad,tassady@lycos.com,Female
36,Irving,Kier,ikierz@intel.com,Female
37,Shaina,Offen,soffen10@telegraph.co.uk,Male
38,Addie,Ventris,aventris11@indiegogo.com,Bigender
39,Dedra,Marciskewski,dmarciskewski12@google.com.au,Female
40,Enrica,Danat,edanat13@scribd.com,Female
41,Beryl,Flaune,bflaune14@reference.com,Male
42,Harold,Lipyeat,hlipyeat15@wsj.com,Female
43,Taddeo,Blaxall,tblaxall16@kickstarter.com,Female
44,Sheila-kathryn,Clymer,sclymer17@washington.edu,Male
45,Gustave,Dallyn,gdallyn18@plala.or.jp,Male
46,Stacee,Higgen,shiggen19@vkontakte.ru,Male
47,Fallon,Whittlesea,fwhittlesea1a@nydailynews.com,Non-binary
48,Sena,Cristofolini,scristofolini1b@eventbrite.com,Female
49,Nonie,Measor,nmeasor1c@reddit.com,Female
50,Elmore,Broyd,ebroyd1d@free.fr,Female
51,Sapphire,Hallt,shallt1e@slashdot.org,Female
52,Jobye,Bumpas,jbumpas1f@barnesandnoble.com,Female
53,Teddy,Barnewell,tbarnewell1g@google.pl,Female
54,Sherman,Madigan,smadigan1h@mozilla.org,Female
55,Lorne,Martinson,lmartinson1i@simplemachines.org,Female
56,Michele,Ragsdale,mragsdale1j@chicagotribune.com,Male
57,Manya,Battisson,mbattisson1k@google.co.jp,Female
58,Hal,Courtier,hcourtier1l@artisteer.com,Male
59,Shellie,Harder,sharder1m@list-manage.com,Male
60,Elsy,Weepers,eweepers1n@yolasite.com,Female
