id,first_name,last_name,email,gender,ip_address
1,Mariele,Hedan,mhedan0@harvard.edu,Bigender,132.227.190.132
2,Babbette,Errichiello,berrichiello1@slideshare.net,Male,222.98.232.42
3,Ephrem,Clewley,eclewley2@moonfruit.com,Male,142.43.244.166
4,Eddi,De Roberto,ederoberto3@blogger.com,Male,91.234.211.107
5,Itch,Macro,imacro4@alexa.com,Female,164.149.164.184
6,Willi,Leggett,wleggett5@soup.io,Male,45.189.192.127
7,Cass,Trewartha,ctrewartha6@themeforest.net,Male,110.121.20.141
8,Angelika,Gero,agero7@wp.com,Male,35.181.163.33
9,Rodrique,Kilbourne,rkilbourne8@theguardian.com,Female,114.254.165.76
10,Micky,MacDonogh,mmacdonogh9@goodreads.com,Male,169.194.22.162
11,Dionysus,Pardi,dpardia@salon.com,Female,152.100.41.153
12,Annice,Fedorchenko,afedorchenkob@youku.com,Male,185.166.160.160
13,Cyndi,Plenderleith,cplenderleithc@chron.com,Male,151.181.101.146
14,Jeramie,Rojahn,jrojahnd@dedecms.com,Female,17.192.52.204
15,Yettie,Riddoch,yriddoche@berkeley.edu,Female,100.140.67.120
16,Franciskus,Czaja,fczajaf@wisc.edu,Male,97.97.97.189
17,Hussein,Licari,hlicarig@pinterest.com,Genderfluid,114.217.15.98
18,Bendicty,Thomen,bthomenh@zimbio.com,Male,29.125.25.134
19,Jordan,Chetwind,jchetwindi@digg.com,Female,221.144.225.241
20,Cherrita,Cowndley,ccowndleyj@alibaba.com,Female,117.220.20.30
21,Imelda,Drewry,idrewryk@devhub.com,Female,96.57.224.9
22,Reube,Balogun,rbalogunl@ebay.co.uk,Female,177.236.74.25
23,Constanta,Early,cearlym@illinois.edu,Female,141.60.188.47
24,Alex,Slocombe,aslocomben@bravesites.com,Male,12.35.66.68
25,Halie,Kember,hkembero@printfriendly.com,Non-binary,206.33.64.192
26,Margette,Yakovlev,myakovlevp@usnews.com,Male,185.249.28.253
27,Charlena,Kernermann,ckernermannq@dedecms.com,Female,184.83.216.171
28,Morlee,Bertomier,mbertomierr@elpais.com,Polygender,33.156.165.219
29,Kingsley,Elcoate,kelcoates@auda.org.au,Male,3.21.49.76
30,Briant,Critchell,bcritchellt@desdev.cn,Female,44.166.206.184
31,Bree,McArd,bmcardu@tripadvisor.com,Female,243.160.130.216
32,Ninette,Decaze,ndecazev@google.it,Male,117.19.33.211
33,Rodolfo,Ludman,rludmanw@bravesites.com,Male,231.81.30.139
34,Calli,Greggs,cgreggsx@who.int,Male,8.195.176.245
35,Trudey,Pavlovic,tpavlovicy@wufoo.com,Female,234.31.93.215
36,Emmett,Priditt,epridittz@ezinearticles.com,Non-binary,66.214.6.160
37,Nevil,Mayworth,nmayworth10@tiny.cc,Male,188.124.146.117
38,Dyanna,Kleinhausen,dkleinhausen11@rambler.ru,Female,243.55.248.162
39,Deane,Feathersby,dfeathersby12@archive.org,Male,186.160.188.64
40,Curtice,Golledge,cgolledge13@va.gov,Female,132.36.78.236
41,Pippa,Vase,pvase14@irs.gov,Female,58.101.141.16
42,Tobit,Dash,tdash15@forbes.com,Female,98.133.132.218
43,Nerta,Daffern,ndaffern16@discovery.com,Male,101.70.146.43
44,Rooney,Swinburne,rswinburne17@mediafire.com,Male,90.179.144.94
45,Harmon,Delyth,hdelyth18@t-online.de,Male,171.143.18.44
46,Tally,Doale,tdoale19@e-recht24.de,Male,26.92.24.151
47,Carolee,Pindred,cpindred1a@hostgator.com,Genderqueer,58.129.3.204
48,Adey,Pikett,apikett1b@list-manage.com,Genderfluid,170.3.29.169
49,Cordy,McHaffy,cmchaffy1c@dailymotion.com,Male,120.94.84.61
50,Ingram,Brinkman,ibrinkman1d@intel.com,Female,176.229.202.89
