id,first_name,last_name,email,gender
1,Meredeth,Godmer,mgodmer0@java.com,Male
2,Fairfax,Booley,fbooley1@canalblog.com,Female
3,Des,McDavid,dmcdavid2@fc2.com,Male
4,Jarrod,Kleisle,jkleisle3@timesonline.co.uk,Male
5,Avrom,Luxmoore,aluxmoore4@vinaora.com,Male
6,Iver,Matyushonok,imatyushonok5@homestead.com,Male
7,Raye,Froom,rfroom6@nasa.gov,Female
8,Fran,Bodham,fbodham7@google.nl,Male
9,Yorker,Webling,ywebling8@moonfruit.com,Male
10,Karlik,Helstrip,khelstrip9@china.com.cn,Male
11,Gustavo,Thorby,gthorbya@shinystat.com,Male
12,Marybelle,Gurko,mgurkob@ebay.com,Male
13,Francene,Courtenay,fcourtenayc@gov.uk,Female
14,Dulciana,Albasini,dalbasinid@nymag.com,Female
15,Melva,Oherlihy,moherlihye@cpanel.net,Male
16,Curtice,Khotler,ckhotlerf@army.mil,Female
17,Ripley,Pashler,rpashlerg@moonfruit.com,Male
18,Pren,Lundbeck,plundbeckh@foxnews.com,Female
19,Raddie,Fabbro,rfabbroi@cornell.edu,Female
20,Cassie,Lawland,clawlandj@webs.com,Male
21,Benni,Franke,bfrankek@merriam-webster.com,Male
22,Windy,Brougham,wbroughaml@netlog.com,Female
23,Chilton,Ditchburn,cditchburnm@howstuffworks.com,Polygender
24,Shannan,Talby,stalbyn@spiegel.de,Male
25,Lori,Kerrich,lkerricho@yale.edu,Male
26,Karon,Pollack,kpollackp@google.es,Male
27,Herman,Valens-Smith,hvalenssmithq@joomla.org,Genderqueer
28,Judie,Wilcinskis,jwilcinskisr@mozilla.com,Male
29,Tarah,Getsham,tgetshams@wp.com,Male
30,Tris,Rainforth,trainfortht@netvibes.com,Female
31,Kelli,Jennrich,kjennrichu@google.nl,Female
32,Alic,Dorkin,adorkinv@gizmodo.com,Female
33,Helaine,MacGilrewy,hmacgilrewyw@w3.org,Male
34,Kassi,Luttger,kluttgerx@blogspot.com,Female
35,Cynthy,Gowanson,cgowansony@amazon.co.jp,Male
36,Sibella,Lermouth,slermouthz@g.co,Genderfluid
37,Mauricio,Hartfield,mhartfield10@foxnews.com,Male
38,Honor,Driscoll,hdriscoll11@icio.us,Female
39,Melonie,Fromant,mfromant12@illinois.edu,Female
40,Gerladina,Lockney,glockney13@indiegogo.com,Male
41,Waldemar,Rains,wrains14@istockphoto.com,Female
42,Adriano,Gives,agives15@csmonitor.com,Female
43,Bonnie,Scrammage,bscrammage16@thetimes.co.uk,Female
44,Viola,Fernao,vfernao17@sourceforge.net,Male
45,Renee,Veitch,rveitch18@vimeo.com,Male
46,Stacy,Blazy,sblazy19@blogtalkradio.com,Male
47,Leslie,Fass,lfass1a@amazon.co.uk,Female
48,Moore,Ottewell,mottewell1b@forbes.com,Agender
49,Hughie,Rea,hrea1c@clickbank.net,Male
50,Cory,Letrange,cletrange1d@dot.gov,Female
51,Lacee,Broadbear,lbroadbear1e@smh.com.au,Non-binary
52,Dorisa,Jodrellec,djodrellec1f@hubpages.com,Male
53,Corie,Probbin,cprobbin1g@wikispaces.com,Female
54,Issy,Redmain,iredmain1h@wsj.com,Female
55,Constantine,Bissett,cbissett1i@state.tx.us,Female
56,Carrie,Laird,claird1j@umn.edu,Female
57,Ive,Ridge,iridge1k@thetimes.co.uk,Female
58,Clementia,Siebert,csiebert1l@ameblo.jp,Female
59,Shay,Sprade,ssprade1m@paypal.com,Male
60,Jehanna,Hunn,jhunn1n@ucsd.edu,Female
61,Demetris,Chaldecott,dchaldecott1o@nps.gov,Male
62,Aguie,Britland,abritland1p@ameblo.jp,Female
63,Jehanna,Hurndall,jhurndall1q@guardian.co.uk,Male
64,Bertrand,Sandeman,bsandeman1r@indiatimes.com,Male
65,Deidre,Bremmer,dbremmer1s@blinklist.com,Male
66,Carie,Ayling,cayling1t@npr.org,Male
67,Rosalynd,Haveline,rhaveline1u@google.com.hk,Male
68,Marissa,Cholerton,mcholerton1v@comcast.net,Female
69,Baryram,Hun,bhun1w@lycos.com,Female
70,Joelly,Hune,jhune1x@pagesperso-orange.fr,Male
71,Norry,Critchard,ncritchard1y@google.ru,Female
72,Ruggiero,Benedyktowicz,rbenedyktowicz1z@prnewswire.com,Male
73,Pen,Yurenev,pyurenev20@foxnews.com,Male
74,Reggy,Pauling,rpauling21@apache.org,Female
75,Rand,Fotheringham,rfotheringham22@seesaa.net,Male
76,Alf,Broun,abroun23@patch.com,Female
77,Pen,Parmiter,pparmiter24@wikipedia.org,Male
78,Ally,Prine,aprine25@linkedin.com,Male
79,Alex,Potteridge,apotteridge26@google.ca,Female
80,Emanuel,Dalling,edalling27@goodreads.com,Male
81,Derk,Skillicorn,dskillicorn28@noaa.gov,Bigender
82,Susanna,Siseland,ssiseland29@apple.com,Female
83,Fredi,Corp,fcorp2a@narod.ru,Male
84,Bidget,Alchin,balchin2b@wp.com,Male
85,Tansy,Pendock,tpendock2c@uiuc.edu,Male
86,Ninnetta,Enrigo,nenrigo2d@acquirethisname.com,Female
87,Tomaso,Enocksson,tenocksson2e@cnet.com,Male
88,Mureil,Bibb,mbibb2f@chron.com,Male
89,Janetta,Heinreich,jheinreich2g@amazonaws.com,Female
90,Wallace,Staples,wstaples2h@vkontakte.ru,Female
91,Liam,Bissell,lbissell2i@microsoft.com,Genderqueer
92,Rudyard,O' Cuolahan,rocuolahan2j@mail.ru,Male
93,Allene,Cafe,acafe2k@europa.eu,Male
94,Lorianna,Kaine,lkaine2l@ftc.gov,Male
95,Goddard,Obington,gobington2m@chron.com,Female
96,Starr,Bowgen,sbowgen2n@360.cn,Male
97,Tessie,Wraggs,twraggs2o@oracle.com,Male
98,Phillida,Matashkin,pmatashkin2p@prnewswire.com,Male
99,Davine,Gainfort,dgainfort2q@squidoo.com,Male
100,Mathilde,Lendon,mlendon2r@flickr.com,Female
101,Clyve,Dedden,cdedden2s@paginegialle.it,Female
102,Augustine,Rankine,arankine2t@accuweather.com,Male
103,Debor,Stowe,dstowe2u@google.com.br,Female
104,Jeffy,Dory,jdory2v@google.de,Female
105,Raddy,Gethouse,rgethouse2w@ask.com,Male
106,Klemens,Cordrey,kcordrey2x@ameblo.jp,Female
107,Marice,Rebeiro,mrebeiro2y@i2i.jp,Male
108,Field,Arthey,farthey2z@histats.com,Female
109,Maible,Ottiwill,mottiwill30@exblog.jp,Male
110,Clementia,Antonioni,cantonioni31@nba.com,Female
111,Licha,Ellins,lellins32@feedburner.com,Male
112,Talbert,Janos,tjanos33@gnu.org,Male
113,Cristabel,Grange,cgrange34@tmall.com,Female
114,Cyril,Chiverton,cchiverton35@blogspot.com,Female
115,Gothart,Heyfield,gheyfield36@icio.us,Female
116,Swen,Rodda,srodda37@census.gov,Male
117,Merv,Izod,mizod38@addtoany.com,Female
118,Ax,Wank,awank39@cornell.edu,Polygender
119,Tanner,D'Elia,tdelia3a@washingtonpost.com,Female
120,Jeanne,Beadnell,jbeadnell3b@yahoo.co.jp,Female
121,Ranee,Sieghard,rsieghard3c@smugmug.com,Male
122,Amata,Ravenhills,aravenhills3d@skype.com,Male
123,Daven,Lanfer,dlanfer3e@xing.com,Female
124,Reggie,MacDonald,rmacdonald3f@sakura.ne.jp,Male
125,Libbie,Ranns,lranns3g@friendfeed.com,Male
126,Gothart,Sharma,gsharma3h@nba.com,Male
127,Man,Queste,mqueste3i@bandcamp.com,Female
128,Jordain,Wellbank,jwellbank3j@barnesandnoble.com,Genderqueer
129,Zsazsa,Pedracci,zpedracci3k@disqus.com,Female
130,Sal,Madders,smadders3l@netlog.com,Female
131,Langston,Brotherhead,lbrotherhead3m@hp.com,Female
132,Lesli,Kruger,lkruger3n@nps.gov,Female
133,Madelle,Ellesmere,mellesmere3o@dailymotion.com,Female
134,Pavlov,Micka,pmicka3p@cornell.edu,Female
135,Ignatius,Bygrave,ibygrave3q@arstechnica.com,Female
136,Carlye,Hurcombe,churcombe3r@123-reg.co.uk,Male
137,Briana,Stichel,bstichel3s@jiathis.com,Male
138,Mildred,Minithorpe,mminithorpe3t@mail.ru,Male
139,Gabriel,Snarie,gsnarie3u@google.cn,Female
140,Ripley,Keuneke,rkeuneke3v@mysql.com,Male
141,Lusa,Ollie,lollie3w@arizona.edu,Female
142,Constantia,Vesco,cvesco3x@squarespace.com,Female
143,Jacky,Moatt,jmoatt3y@ucsd.edu,Male
144,Poul,Wolsey,pwolsey3z@godaddy.com,Female
145,Hans,McKinley,hmckinley40@themeforest.net,Female
146,Andros,Grasser,agrasser41@uol.com.br,Female
147,Don,Crimin,dcrimin42@cisco.com,Male
148,Evangelia,Yerbury,eyerbury43@apache.org,Female
149,Iolande,Lorans,ilorans44@wp.com,Female
150,Kerrill,Nevins,knevins45@posterous.com,Male
151,Ulysses,Huban,uhuban46@diigo.com,Male
152,Darb,Wolfers,dwolfers47@exblog.jp,Female
153,Chance,Moffatt,cmoffatt48@utexas.edu,Male
154,Rockie,Troppmann,rtroppmann49@google.com,Male
155,Marielle,Cluney,mcluney4a@weibo.com,Male
156,Archambault,Gargett,agargett4b@mapquest.com,Female
157,Lucho,Espinet,lespinet4c@ucoz.ru,Female
158,Kimbell,Matterson,kmatterson4d@networkadvertising.org,Agender
159,Lorrie,Commings,lcommings4e@independent.co.uk,Male
160,Kara-lynn,Waszczykowski,kwaszczykowski4f@reference.com,Female
161,Mason,McDougald,mmcdougald4g@sphinn.com,Male
162,Bruce,Blomefield,bblomefield4h@devhub.com,Male
163,Darnell,O'Dowling,dodowling4i@salon.com,Female
164,Justina,Edy,jedy4j@alexa.com,Female
165,Adore,Littler,alittler4k@omniture.com,Female
166,Gorden,Stuttman,gstuttman4l@github.com,Female
167,Celestyna,Broadhead,cbroadhead4m@addtoany.com,Male
168,Abbe,Gauford,agauford4n@sciencedaily.com,Female
169,Aubrette,Rupke,arupke4o@sourceforge.net,Agender
170,Francklin,Beaby,fbeaby4p@businessinsider.com,Male
171,Abrahan,Kleint,akleint4q@msn.com,Male
172,Buddie,Duns,bduns4r@de.vu,Female
173,Ansel,Bonwick,abonwick4s@umich.edu,Male
174,Jo ann,De Vaan,jdevaan4t@dell.com,Female
175,Mano,Tomankowski,mtomankowski4u@delicious.com,Female
176,Hatty,Van Dale,hvandale4v@comcast.net,Female
177,Nelli,Thomann,nthomann4w@jiathis.com,Male
178,Mohandis,De Pero,mdepero4x@foxnews.com,Female
179,Waite,Dransfield,wdransfield4y@mapy.cz,Male
180,Davine,Meaddowcroft,dmeaddowcroft4z@census.gov,Female
181,Ruggiero,Cobbold,rcobbold50@fda.gov,Female
182,Anastassia,Petegrew,apetegrew51@cdbaby.com,Male
183,Germaine,Arent,garent52@quantcast.com,Male
184,Diann,Noddings,dnoddings53@unc.edu,Female
185,Gretna,Moules,gmoules54@spotify.com,Male
186,Rosanne,Beekman,rbeekman55@newsvine.com,Female
187,Wenda,Henbury,whenbury56@hexun.com,Male
188,Levey,Fragino,lfragino57@plala.or.jp,Female
189,Cora,Pattillo,cpattillo58@unesco.org,Male
190,Augustus,Greystock,agreystock59@123-reg.co.uk,Female
191,Estele,O'Shiel,eoshiel5a@symantec.com,Female
192,Kamila,Cunningham,kcunningham5b@photobucket.com,Female
193,Denni,Extance,dextance5c@wordpress.org,Male
194,Tamiko,Nannizzi,tnannizzi5d@netlog.com,Female
195,Randolph,Weatherburn,rweatherburn5e@opera.com,Bigender
196,Lenard,Kleeman,lkleeman5f@quantcast.com,Female
197,Rupert,Blaw,rblaw5g@jigsy.com,Male
198,Krystal,Collens,kcollens5h@shinystat.com,Female
199,Latrina,Whiff,lwhiff5i@bing.com,Non-binary
200,Jefferson,Leates,jleates5j@squidoo.com,Female
201,Margie,Pinnick,mpinnick5k@a8.net,Agender
202,Cordula,Lermit,clermit5l@fotki.com,Female
203,Ninon,Fossett,nfossett5m@printfriendly.com,Male
204,Ruperta,Bignal,rbignal5n@last.fm,Genderqueer
205,Roberto,Firminger,rfirminger5o@usa.gov,Female
206,Ranique,Lanyon,rlanyon5p@ted.com,Genderfluid
207,Marchall,Lodeke,mlodeke5q@abc.net.au,Male
208,Batholomew,Talby,btalby5r@yandex.ru,Female
209,Eal,Pressman,epressman5s@whitehouse.gov,Female
210,Bailey,Shwalbe,bshwalbe5t@chicagotribune.com,Agender
211,Llewellyn,Fullstone,lfullstone5u@twitter.com,Male
212,Kimberly,Durbin,kdurbin5v@si.edu,Female
213,Cecily,Rantoull,crantoull5w@friendfeed.com,Male
214,Blake,Pollicote,bpollicote5x@tmall.com,Female
215,Jillayne,Gehrtz,jgehrtz5y@e-recht24.de,Male
216,Lola,Bassford,lbassford5z@prweb.com,Male
217,Lanny,Halfacree,lhalfacree60@yale.edu,Male
218,Eva,Colloff,ecolloff61@yolasite.com,Male
219,Dora,Senior,dsenior62@domainmarket.com,Bigender
220,Aretha,Lydford,alydford63@eepurl.com,Female
221,Marylinda,Mebs,mmebs64@tamu.edu,Male
222,Stirling,Gwatkin,sgwatkin65@people.com.cn,Male
223,Valene,Buxy,vbuxy66@bravesites.com,Male
224,Arabel,Graybeal,agraybeal67@cargocollective.com,Male
225,Quincy,Verrill,qverrill68@yahoo.com,Male
226,Maurizio,Falkingham,mfalkingham69@google.ca,Male
227,Monika,Hanster,mhanster6a@sohu.com,Male
228,Lenka,McPhelimy,lmcphelimy6b@ezinearticles.com,Polygender
229,Elias,Povall,epovall6c@ocn.ne.jp,Female
230,Flinn,Boynton,fboynton6d@vinaora.com,Genderfluid
231,Nicolais,Gourlie,ngourlie6e@oakley.com,Female
232,Jeanelle,Housegoe,jhousegoe6f@sciencedaily.com,Male
233,Jesse,Dabel,jdabel6g@yale.edu,Male
234,Chilton,Fentem,cfentem6h@skype.com,Male
235,Dane,Esley,desley6i@drupal.org,Bigender
236,Charlotte,Hysom,chysom6j@webs.com,Male
237,Silvie,Shirrell,sshirrell6k@seesaa.net,Female
238,Paolo,Raise,praise6l@dot.gov,Genderfluid
239,Hewitt,McGowing,hmcgowing6m@abc.net.au,Female
240,Keith,MacNeilley,kmacneilley6n@storify.com,Male
241,Jemie,Duetsche,jduetsche6o@flickr.com,Male
242,Cookie,Twopenny,ctwopenny6p@yahoo.co.jp,Female
243,Chiquia,Sussans,csussans6q@over-blog.com,Male
244,Micky,Batrip,mbatrip6r@wikimedia.org,Male
245,Theda,de Villier,tdevillier6s@theglobeandmail.com,Male
246,Dorrie,Abbatt,dabbatt6t@networkadvertising.org,Bigender
247,Rod,Rivlin,rrivlin6u@reuters.com,Male
248,Carmon,Mattacks,cmattacks6v@ted.com,Female
249,Sissie,Pear,spear6w@prlog.org,Female
250,Portie,Boutellier,pboutellier6x@youtube.com,Female
251,Cariotta,Stot,cstot6y@istockphoto.com,Female
252,Jayme,Fasham,jfasham6z@arizona.edu,Female
253,Brooke,Blagden,bblagden70@ebay.com,Male
254,Rodney,Starling,rstarling71@who.int,Male
255,Antonio,Bahls,abahls72@techcrunch.com,Female
256,Tabbi,Yegorovnin,tyegorovnin73@dell.com,Female
257,Georgeanne,Gotfrey,ggotfrey74@printfriendly.com,Male
258,Norbie,Doerling,ndoerling75@hc360.com,Male
259,Roger,Berkowitz,rberkowitz76@mail.ru,Female
260,Victoir,Whifen,vwhifen77@army.mil,Male
261,Hasheem,Ratley,hratley78@disqus.com,Male
262,Zed,Conre,zconre79@miibeian.gov.cn,Female
263,Calley,Beards,cbeards7a@usda.gov,Female
264,Sheree,Glasman,sglasman7b@geocities.com,Agender
265,Yettie,Treble,ytreble7c@blog.com,Male
266,Pearla,Lindholm,plindholm7d@histats.com,Male
267,Livvy,McIndoe,lmcindoe7e@is.gd,Male
268,Dallas,Litt,dlitt7f@liveinternet.ru,Male
269,Marcy,Smart,msmart7g@gravatar.com,Male
270,Erik,Castleman,ecastleman7h@github.io,Female
271,Fields,Duncanson,fduncanson7i@soundcloud.com,Male
272,Gerhardt,Lukianovich,glukianovich7j@sphinn.com,Male
273,Susanna,Isabell,sisabell7k@google.fr,Male
274,Nevin,Lorens,nlorens7l@tuttocitta.it,Female
275,Freeland,Burnyeat,fburnyeat7m@flickr.com,Male
276,Esteban,Aberchirder,eaberchirder7n@youtu.be,Female
277,Fonzie,Wandrack,fwandrack7o@seattletimes.com,Genderfluid
278,Oberon,Gillard,ogillard7p@dot.gov,Male
279,Auria,Loghan,aloghan7q@posterous.com,Female
280,Fletch,Mailey,fmailey7r@mtv.com,Male
281,Loy,Mallaby,lmallaby7s@hp.com,Female
282,Torey,Ilyin,tilyin7t@surveymonkey.com,Agender
283,Ingunna,Allner,iallner7u@wix.com,Polygender
284,Cindy,Hellicar,chellicar7v@gov.uk,Female
285,Kira,Giocannoni,kgiocannoni7w@oakley.com,Female
286,Carroll,Antognoni,cantognoni7x@sbwire.com,Male
287,Bernadette,Farrans,bfarrans7y@engadget.com,Male
288,Henka,Simacek,hsimacek7z@stanford.edu,Male
289,Lyn,Mongenot,lmongenot80@mit.edu,Female
290,Faulkner,Havvock,fhavvock81@nydailynews.com,Female
291,Shanon,Woolway,swoolway82@acquirethisname.com,Male
292,Levy,Baldin,lbaldin83@senate.gov,Male
293,Brynne,Dziwisz,bdziwisz84@army.mil,Male
294,Giuseppe,Saltsberg,gsaltsberg85@cbc.ca,Genderqueer
295,Wynn,Berthel,wberthel86@desdev.cn,Male
296,Caro,Mingey,cmingey87@mashable.com,Male
297,Odelia,Landman,olandman88@flavors.me,Male
298,Tori,Speeding,tspeeding89@arizona.edu,Male
299,Luke,Avo,lavo8a@dedecms.com,Agender
300,Benedick,Delepine,bdelepine8b@webnode.com,Female
301,Seana,Dumingos,sdumingos8c@ibm.com,Male
302,Kalinda,Martin,kmartin8d@ibm.com,Male
303,Zulema,Gilhouley,zgilhouley8e@indiegogo.com,Female
304,Kynthia,Larcombe,klarcombe8f@zdnet.com,Female
305,Barrett,Puckham,bpuckham8g@techcrunch.com,Male
306,Margarette,Navarijo,mnavarijo8h@is.gd,Female
307,Jody,Fairbourne,jfairbourne8i@statcounter.com,Female
308,Gwenora,Newey,gnewey8j@tinypic.com,Male
309,Thorpe,MacArd,tmacard8k@cbsnews.com,Male
310,Chaim,Westraw,cwestraw8l@opera.com,Male
311,Far,Piercy,fpiercy8m@msn.com,Female
312,Rici,Barnewelle,rbarnewelle8n@yandex.ru,Male
313,Kerry,Bugler,kbugler8o@hibu.com,Female
314,Deborah,Madine,dmadine8p@boston.com,Male
315,Yelena,Lawley,ylawley8q@joomla.org,Male
316,Jo ann,Augie,jaugie8r@discuz.net,Male
317,Staci,Sprowell,ssprowell8s@irs.gov,Male
318,Abe,Scandwright,ascandwright8t@thetimes.co.uk,Female
319,Stacy,Treasure,streasure8u@deviantart.com,Female
320,Rutledge,Beelby,rbeelby8v@networkadvertising.org,Male
321,Brigham,Denyakin,bdenyakin8w@go.com,Male
322,Dulcia,Caddie,dcaddie8x@sourceforge.net,Female
323,Natalya,Lints,nlints8y@friendfeed.com,Female
324,Luce,Dugald,ldugald8z@umich.edu,Female
325,Kasper,Grolle,kgrolle90@yahoo.co.jp,Female
326,Meryl,Fishleigh,mfishleigh91@reference.com,Female
327,Wyatt,Flescher,wflescher92@jiathis.com,Female
328,Vaughn,Benduhn,vbenduhn93@networksolutions.com,Female
329,Benita,Aimer,baimer94@naver.com,Agender
330,Theadora,Toffel,ttoffel95@ask.com,Female
331,Isaiah,Larderot,ilarderot96@google.ca,Male
332,Zelig,Barradell,zbarradell97@ca.gov,Female
333,Karissa,McKain,kmckain98@is.gd,Female
334,Jeff,Courson,jcourson99@techcrunch.com,Male
335,Elnar,Sporton,esporton9a@infoseek.co.jp,Genderfluid
336,Fabio,Bellard,fbellard9b@odnoklassniki.ru,Female
337,Chadwick,Burn,cburn9c@meetup.com,Female
338,Montgomery,Griffey,mgriffey9d@miitbeian.gov.cn,Male
339,Corella,Millgate,cmillgate9e@phoca.cz,Female
340,Lilias,Covington,lcovington9f@infoseek.co.jp,Male
341,Zebedee,Agglio,zagglio9g@dailymail.co.uk,Female
342,Jaime,Troubridge,jtroubridge9h@google.it,Female
343,Alberto,Burgen,aburgen9i@indiatimes.com,Female
344,Guy,Parken,gparken9j@dailymotion.com,Female
345,Benedict,Rozet,brozet9k@twitpic.com,Female
346,Brant,Yare,byare9l@gravatar.com,Male
347,Ellie,Juett,ejuett9m@reuters.com,Male
348,Alaine,Decaze,adecaze9n@weibo.com,Male
349,Bell,Ullrich,bullrich9o@vinaora.com,Male
350,Delphinia,Tappington,dtappington9p@goodreads.com,Female
351,Doralynne,Petrushka,dpetrushka9q@mysql.com,Male
352,Georgeanna,Decker,gdecker9r@imageshack.us,Male
353,Earl,Ballantine,eballantine9s@stumbleupon.com,Male
354,Lynnett,Liquorish,lliquorish9t@behance.net,Female
355,Vikky,Calbert,vcalbert9u@cmu.edu,Female
356,Jeralee,Standell,jstandell9v@constantcontact.com,Female
357,Hewett,Prujean,hprujean9w@spiegel.de,Female
358,Goldie,Broadist,gbroadist9x@cloudflare.com,Female
359,Amabelle,Sandland,asandland9y@gov.uk,Female
360,Ansell,Bernardin,abernardin9z@nsw.gov.au,Female
361,Emlyn,Tomkowicz,etomkowicza0@mit.edu,Bigender
362,Gypsy,Rosle,groslea1@weather.com,Bigender
363,North,Rowes,nrowesa2@reuters.com,Male
364,Harp,Eldred,heldreda3@blinklist.com,Male
365,Robyn,Bassett,rbassetta4@weather.com,Male
366,Stafford,Doornbos,sdoornbosa5@clickbank.net,Male
367,Brendin,Halgarth,bhalgartha6@paypal.com,Male
368,Amalle,Karpf,akarpfa7@pinterest.com,Female
369,Buckie,Scholar,bscholara8@naver.com,Male
370,Robbyn,Avramovich,ravramovicha9@chron.com,Male
371,Yule,Widocks,ywidocksaa@godaddy.com,Male
372,Giusto,Houson,ghousonab@youtube.com,Genderfluid
373,Hedvig,Tallowin,htallowinac@uol.com.br,Male
374,Wit,Gourley,wgourleyad@marriott.com,Female
375,Janel,Larvin,jlarvinae@eepurl.com,Polygender
376,Linet,Dulanty,ldulantyaf@zdnet.com,Male
377,Bibi,Tomala,btomalaag@blogspot.com,Female
378,Rosie,Dawkins,rdawkinsah@feedburner.com,Male
379,Euphemia,Tucknutt,etucknuttai@tuttocitta.it,Genderfluid
380,Sarah,Alflat,salflataj@pbs.org,Male
381,Wade,Gillson,wgillsonak@digg.com,Male
382,Eleni,Biaggetti,ebiaggettial@java.com,Female
383,Tremain,Seilmann,tseilmannam@macromedia.com,Male
384,Zonda,Tremlett,ztremlettan@tinyurl.com,Male
385,Blake,Warboy,bwarboyao@booking.com,Male
386,Alphonso,Boulder,aboulderap@google.ru,Female
387,Kelli,Dominelli,kdominelliaq@miitbeian.gov.cn,Male
388,Raddie,Tison,rtisonar@intel.com,Female
389,Tanny,Staniford,tstanifordas@cpanel.net,Male
390,Willyt,Newland,wnewlandat@unicef.org,Male
391,Will,Jurgensen,wjurgensenau@hp.com,Female
392,Olivier,Fawcitt,ofawcittav@vkontakte.ru,Male
393,Letti,Beaby,lbeabyaw@mashable.com,Female
394,Pamelina,Manske,pmanskeax@theglobeandmail.com,Female
395,Bail,McLarty,bmclartyay@odnoklassniki.ru,Male
396,Frannie,Kirgan,fkirganaz@japanpost.jp,Male
397,Charlie,Gillett,cgillettb0@exblog.jp,Female
398,Van,Gant,vgantb1@nationalgeographic.com,Female
399,Cybil,Sacks,csacksb2@unblog.fr,Bigender
400,Raleigh,Peotz,rpeotzb3@europa.eu,Female
401,Shane,Pavlitschek,spavlitschekb4@newyorker.com,Genderqueer
402,Carri,Meech,cmeechb5@lulu.com,Male
403,Curt,Henriques,chenriquesb6@nyu.edu,Female
404,Melisent,Pea,mpeab7@dmoz.org,Male
405,Lurleen,Hutcheon,lhutcheonb8@aboutads.info,Female
406,Cathie,Youhill,cyouhillb9@slashdot.org,Male
407,Grover,Bonehill,gbonehillba@fda.gov,Male
408,Suzanne,Becker,sbeckerbb@noaa.gov,Female
409,Jessalin,Sjostrom,jsjostrombc@sakura.ne.jp,Male
410,Nerte,Jakov,njakovbd@slate.com,Female
411,Marty,MacTeague,mmacteaguebe@g.co,Male
412,Tommy,Jenton,tjentonbf@dot.gov,Male
413,Franni,Nesbitt,fnesbittbg@eepurl.com,Female
414,Jeramie,Dawby,jdawbybh@storify.com,Male
415,Shayne,Donaher,sdonaherbi@admin.ch,Male
416,Alessandro,Knevet,aknevetbj@dell.com,Male
417,Hyacinth,Wardhough,hwardhoughbk@deliciousdays.com,Female
418,Jaine,Toten,jtotenbl@homestead.com,Female
419,Wakefield,Ketchen,wketchenbm@nationalgeographic.com,Bigender
420,Welsh,Hark,wharkbn@stanford.edu,Female
421,Elenore,Aldgate,ealdgatebo@ihg.com,Female
422,Padraig,Clemmett,pclemmettbp@toplist.cz,Female
423,Burch,Gimblet,bgimbletbq@paginegialle.it,Female
424,Ralf,Graeme,rgraemebr@ask.com,Male
425,Bev,Mc Gorley,bmcgorleybs@bloglines.com,Male
426,Aluino,Oager,aoagerbt@gov.uk,Male
427,Seymour,Joyce,sjoycebu@tumblr.com,Female
428,Mada,Klinck,mklinckbv@technorati.com,Female
429,Gertie,Greeno,ggreenobw@aboutads.info,Female
430,Penni,Wonfor,pwonforbx@ustream.tv,Male
431,Phedra,Bottini,pbottiniby@biblegateway.com,Female
432,Lynnet,Kyle,lkylebz@google.ru,Polygender
433,Berrie,Berrigan,bberriganc0@youku.com,Male
434,Kelby,Coppard,kcoppardc1@ehow.com,Male
435,Caroljean,Kellegher,ckellegherc2@bbb.org,Female
436,Alfi,Linstead,alinsteadc3@techcrunch.com,Female
437,Cy,Cartmel,ccartmelc4@webmd.com,Female
438,Robbi,Fozard,rfozardc5@barnesandnoble.com,Female
439,Fernandina,Malloch,fmallochc6@blogs.com,Female
440,Kermie,Scrancher,kscrancherc7@exblog.jp,Female
441,Teirtza,Pavluk,tpavlukc8@delicious.com,Female
442,Noami,Gecks,ngecksc9@upenn.edu,Female
443,Belva,Coldwell,bcoldwellca@deliciousdays.com,Male
444,Misti,Clemmensen,mclemmensencb@scribd.com,Male
445,Tootsie,Vogel,tvogelcc@bluehost.com,Male
446,Anya,Skilton,askiltoncd@ezinearticles.com,Agender
447,Gradey,Andreix,gandreixce@unblog.fr,Female
448,Constantino,Jakubovitch,cjakubovitchcf@nymag.com,Male
449,Roseann,Brookton,rbrooktoncg@state.tx.us,Female
450,Nat,Cloy,ncloych@nps.gov,Male
451,Millisent,Goodram,mgoodramci@skyrock.com,Genderqueer
452,Falito,Finding,ffindingcj@squidoo.com,Female
453,Ruttger,Mansford,rmansfordck@reuters.com,Male
454,Marguerite,Gaule,mgaulecl@wufoo.com,Non-binary
455,Zeb,Cariss,zcarisscm@dell.com,Female
456,Colette,Szymanowski,cszymanowskicn@pbs.org,Female
457,Stepha,Bispham,sbisphamco@merriam-webster.com,Male
458,Sharl,Lindman,slindmancp@ow.ly,Female
459,Cher,Jimmison,cjimmisoncq@hao123.com,Male
460,Cherri,Le - Count,clecountcr@yelp.com,Genderfluid
461,Vinni,Keyhoe,vkeyhoecs@huffingtonpost.com,Polygender
462,Madelyn,Bluck,mbluckct@utexas.edu,Male
463,Rosanna,Papes,rpapescu@mozilla.org,Female
464,Tarrance,Gabits,tgabitscv@so-net.ne.jp,Female
465,Nevsa,Twaits,ntwaitscw@loc.gov,Genderqueer
466,Thorpe,Gjerde,tgjerdecx@jugem.jp,Female
467,Marcella,Bampford,mbampfordcy@sciencedaily.com,Male
468,Estel,Casserly,ecasserlycz@archive.org,Female
469,Margeaux,Beardshall,mbeardshalld0@google.pl,Female
470,Tiertza,Rostron,trostrond1@sourceforge.net,Female
471,Rhys,Skeete,rskeeted2@statcounter.com,Bigender
472,Margret,Mc Ilory,mmciloryd3@ustream.tv,Female
473,Crawford,Geistmann,cgeistmannd4@studiopress.com,Male
474,Mateo,Cod,mcodd5@google.co.uk,Female
475,Leeland,Mallia,lmalliad6@google.it,Male
476,Rab,Korneluk,rkornelukd7@amazonaws.com,Male
477,Claudie,Fanthome,cfanthomed8@buzzfeed.com,Female
478,Iggy,Bullier,ibullierd9@mac.com,Male
479,Merrel,Babber,mbabberda@uol.com.br,Female
480,Blancha,Plose,bplosedb@github.com,Male
481,Zilvia,Chatan,zchatandc@bing.com,Female
482,Dwain,Almak,dalmakdd@typepad.com,Male
483,Pen,Millichip,pmillichipde@go.com,Female
484,Norbie,Valois,nvaloisdf@sfgate.com,Female
485,Dorolice,Ehlerding,dehlerdingdg@google.nl,Female
486,Kissee,Canaan,kcanaandh@hexun.com,Male
487,Gabriell,Vondrak,gvondrakdi@ezinearticles.com,Female
488,Coreen,Coleborn,ccoleborndj@fema.gov,Female
489,Ilene,Lytlle,ilytlledk@cnn.com,Female
490,Earl,Cayser,ecayserdl@who.int,Male
491,Libbey,Reinhart,lreinhartdm@zimbio.com,Female
492,Heindrick,Lismer,hlismerdn@netlog.com,Male
493,Rorke,Siggers,rsiggersdo@elegantthemes.com,Male
494,Ethyl,Lockhead,elockheaddp@xrea.com,Female
495,Eamon,Konert,ekonertdq@google.co.jp,Female
496,Gene,Peasby,gpeasbydr@cdc.gov,Female
497,Lisbeth,Gammett,lgammettds@boston.com,Female
498,Abby,Longmaid,alongmaiddt@nyu.edu,Male
499,Marne,Gregorin,mgregorindu@mozilla.com,Female
500,Forrester,Pavier,fpavierdv@ucoz.ru,Male
